name,district,type
Єзупільська територіальна громада,Івано-Франківський,селищна
Єланецька територіальна громада,Вознесенський,селищна
Ємільчинська територіальна громада,Звягельський,селищна
Єрківська територіальна громада,Звенигородський,селищна
Іване-Пустенська територіальна громада,Чортківський,сільська
Іваничівська територіальна громада,Володимирський,селищна
Іванківська територіальна громада,Вишгородський,селищна
Івано-Франківська територіальна громада,Івано-Франківський,міська
Івано-Франківська територіальна громада,Яворівський,селищна
Івановецька територіальна громада,Мукачівський,сільська
Іваньківська територіальна громада,Уманський,сільська
Іванівська територіальна громада,Хмільницький,сільська
Іванівська територіальна громада,Березівський,селищна
Іванівська територіальна громада,Тернопільський,сільська
Іванівська територіальна громада,Генічеський,селищна
Іванівська територіальна громада,Чернігівський,сільська
Ізмаїльська територіальна громада,Ізмаїльський,міська
Ізюмська територіальна громада,Ізюмський,міська
Ізяславська територіальна громада,Шепетівський,міська
Іларіонівська територіальна громада,Синельниківський,селищна
Іллінецька територіальна громада,Вінницький,міська
Іллінівська територіальна громада,Краматорський,сільська
Інгульська територіальна громада,Баштанський,сільська
Іркліївська територіальна громада,Золотоніський,сільська
Ірпінська територіальна громада,Бучанський,міська
Іршавська територіальна громада,Хустський,міська
Іршанська територіальна громада,Коростенський,селищна
Ічнянська територіальна громада,Прилуцький,міська
Авангардівська територіальна громада,Одеський,селищна
Авдіївська територіальна громада,Покровський,міська
Агрономічна територіальна громада,Вінницький,сільська
Аджамська територіальна громада,Кропивницький,сільська
Ананьївська територіальна громада,Подільський,міська
Андрушківська територіальна громада,Житомирський,сільська
Андрушівська територіальна громада,Бердичівський,міська
Андрівська територіальна громада,Бердянський,сільська
Андріяшівська територіальна громада,Роменський,сільська
Андрієво-Іванівська територіальна громада,Березівський,сільська
Андріївська територіальна громада,Краматорський,сільська
Андріївська територіальна громада,Бердянський,селищна
Антонівська територіальна громада,Вараський,сільська
Антонінська територіальна громада,Хмельницький,селищна
Апостолівська територіальна громада,Криворізький,міська
Арбузинська територіальна громада,Первомайський,селищна
Арцизька територіальна громада,Болградський,міська
Асканія-Нова територіальна громада,Каховський,селищна
Бабанська територіальна громада,Уманський,селищна
Бабинська територіальна громада,Рівненський,сільська
Бабчинецька територіальна громада,Могилів-Подільський,сільська
Байковецька територіальна громада,Тернопільський,сільська
Балаклеївська територіальна громада,Черкаський,сільська
Балаклійська територіальна громада,Ізюмський,міська
Балтська територіальна громада,Подільський,міська
Банилівська територіальна громада,Вижницький,сільська
Баранинська територіальна громада,Ужгородський,сільська
Баранівська територіальна громада,Звягельський,міська
Барашівська територіальна громада,Звягельський,сільська
Барвінківська територіальна громада,Ізюмський,міська
Баришівська територіальна громада,Броварський,селищна
Барська територіальна громада,Жмеринський,міська
Батуринська територіальна громада,Ніжинський,міська
Батівська територіальна громада,Берегівський,селищна
Бахмацька територіальна громада,Ніжинський,міська
Бахмутська територіальна громада,Бахмутський,міська
Баштанська територіальна громада,Баштанський,міська
Баштечківська територіальна громада,Уманський,сільська
Бедевлянська територіальна громада,Тячівський,сільська
Бездрицька територіальна громада,Сумський,сільська
Безлюдівська територіальна громада,Харківський,селищна
Белзька територіальна громада,Шептицький,міська
Бердичівська територіальна громада,Бердичівський,міська
Бердянська територіальна громада,Бердянський,міська
Берегометська територіальна громада,Вижницький,селищна
Берегівська територіальна громада,Берегівський,міська
Бережанська територіальна громада,Тернопільський,міська
Березанська територіальна громада,Броварський,міська
Березанська територіальна громада,Миколаївський,селищна
Берездівська територіальна громада,Шепетівський,сільська
Березнегуватська територіальна громада,Баштанський,селищна
Березняківська територіальна громада,Черкаський,сільська
Березнянська територіальна громада,Чернігівський,селищна
Березнівська територіальна громада,Рівненський,міська
Березівська територіальна громада,Житомирський,сільська
Березівська територіальна громада,Березівський,міська
Березівська територіальна громада,Сарненський,сільська
Березівська територіальна громада,Шосткинський,сільська
Берестечківська територіальна громада,Луцький,міська
Берестівська територіальна громада,Бердянський,сільська
Бериславська територіальна громада,Бериславський,міська
Бершадська територіальна громада,Гайсинський,міська
Бехтерська територіальна громада,Скадовський,сільська
Бишівська територіальна громада,Фастівський,сільська
Благовіщенська територіальна громада,Василівський,сільська
Благовіщенська територіальна громада,Голованівський,міська
Благодатненська територіальна громада,Первомайський,сільська
Близнюківська територіальна громада,Лозівський,селищна
Бобринецька територіальна громада,Кропивницький,міська
Бобрицька територіальна громада,Черкаський,сільська
Бобровицька територіальна громада,Ніжинський,міська
Богданська територіальна громада,Рахівський,сільська
Богданівська територіальна громада,Павлоградський,сільська
Богодухівська територіальна громада,Богодухівський,міська
Богородчанська територіальна громада,Івано-Франківський,селищна
Богуславська територіальна громада,Обухівський,міська
Божедарівська територіальна громада,Кам’янський,селищна
Бокіймівська територіальна громада,Дубенський,сільська
Болградська територіальна громада,Болградський,міська
Болехівська територіальна громада,Калуський,міська
Боратинська територіальна громада,Луцький,сільська
Боремельська територіальна громада,Дубенський,сільська
Борзнянська територіальна громада,Ніжинський,міська
Боринська територіальна громада,Самбірський,селищна
Бориславська територіальна громада,Дрогобицький,міська
Бориспільська територіальна громада,Бориспільський,міська
Бородянська територіальна громада,Бучанський,селищна
Бородінська територіальна громада,Болградський,селищна
Борозенська територіальна громада,Бериславський,сільська
Боромлянська територіальна громада,Охтирський,сільська
Борсуківська територіальна громада,Кременецький,сільська
Борщагівська територіальна громада,Бучанський,сільська
Борщівська територіальна громада,Чортківський,міська
Борівська територіальна громада,Ізюмський,селищна
Бочечківська територіальна громада,Конотопський,сільська
Боянська територіальна громада,Чернівецький,сільська
Боярська територіальна громада,Фастівський,міська
Брагинівська територіальна громада,Синельниківський,сільська
Братська територіальна громада,Вознесенський,селищна
Брацлавська територіальна громада,Тульчинський,селищна
Броварська територіальна громада,Броварський,міська
Бродівська територіальна громада,Золочівський,міська
Брониківська територіальна громада,Звягельський,сільська
Брошнів-Осадська територіальна громада,Калуський,селищна
Брусилівська територіальна громада,Житомирський,селищна
Брусницька територіальна громада,Вижницький,сільська
Бугринська територіальна громада,Рівненський,сільська
Будищенська територіальна громада,Черкаський,сільська
Бужанська територіальна громада,Звенигородський,сільська
Бузька територіальна громада,Вознесенський,сільська
Букачівська територіальна громада,Івано-Франківський,селищна
Буринська територіальна громада,Конотопський,міська
Бурштинська територіальна громада,Івано-Франківський,міська
Буська територіальна громада,Золочівський,міська
Буцька територіальна громада,Уманський,селищна
Бучанська територіальна громада,Бучанський,міська
Бучацька територіальна громада,Чортківський,міська
Буштинська територіальна громада,Тячівський,селищна
Бібрська територіальна громада,Львівський,міська
Білгород-Дністровська територіальна громада,Білгород-Дністровський,міська
Біленьківська територіальна громада,Запорізький,сільська
Білецька територіальна громада,Тернопільський,сільська
Білицька територіальна громада,Полтавський,селищна
Білківська територіальна громада,Хустський,сільська
Білоберізька територіальна громада,Верховинський,сільська
Білобожницька територіальна громада,Чортківський,сільська
Біловодська територіальна громада,Старобільський,селищна
Білогородська територіальна громада,Бучанський,сільська
Білогірська територіальна громада,Шепетівський,селищна
Білозерська територіальна громада,Покровський,міська
Білозерська територіальна громада,Херсонський,селищна
Білозірська територіальна громада,Черкаський,сільська
Білокоровицька територіальна громада,Коростенський,сільська
Білокриницька територіальна громада,Рівненський,сільська
Білокуракинська територіальна громада,Сватівський,селищна
Білолуцька територіальна громада,Старобільський,селищна
Білопільська територіальна громада,Сумський,міська
Білоцерківська територіальна громада,Білоцерківський,міська
Білоцерківська територіальна громада,Миргородський,сільська
Більмацька територіальна громада,Пологівський,селищна
Більче-Золотецька територіальна громада,Чортківський,сільська
Більшівцівська територіальна громада,Івано-Франківський,селищна
Біляївська територіальна громада,Одеський,міська
Біляївська територіальна громада,Лозівський,сільська
Бісковицька територіальна громада,Самбірський,сільська
Вакулівська територіальна громада,Криворізький,сільська
Валківська територіальна громада,Богодухівський,міська
Ванчиковецька територіальна громада,Чернівецький,сільська
Вапнярська територіальна громада,Тульчинський,селищна
Вараська територіальна громада,Вараський,міська
Варвинська територіальна громада,Прилуцький,селищна
Варковицька територіальна громада,Дубенський,сільська
Васильковецька територіальна громада,Чортківський,сільська
Васильківська територіальна громада,Синельниківський,селищна
Васильківська територіальна громада,Обухівський,міська
Василівська територіальна громада,Василівський,міська
Василівська територіальна громада,Болградський,сільська
Ватутінська територіальна громада,Звенигородський,міська
Вашковецька територіальна громада,Дністровський,сільська
Вашківецька територіальна громада,Вижницький,міська
Великоандрусівська територіальна громада,Олександрійський,сільська
Великобагачанська територіальна громада,Миргородський,селищна
Великоберезнянська територіальна громада,Ужгородський,селищна
Великоберезовицька територіальна громада,Тернопільський,селищна
Великоберезька територіальна громада,Берегівський,сільська
Великобийганська територіальна громада,Берегівський,сільська
Великобичківська територіальна громада,Рахівський,селищна
Великобудищанська територіальна громада,Миргородський,сільська
Великобурлуцька територіальна громада,Куп’янський,селищна
Великобуялицька територіальна громада,Березівський,сільська
Великобілозерська територіальна громада,Василівський,сільська
Великобірківська територіальна громада,Тернопільський,селищна
Великогаївська територіальна громада,Тернопільський,сільська
Великодальницька територіальна громада,Одеський,сільська
Великодедеркальська територіальна громада,Кременецький,сільська
Великодимерська територіальна громада,Броварський,селищна
Великодобронська територіальна громада,Ужгородський,сільська
Великодолинська територіальна громада,Одеський,селищна
Великокопанівська територіальна громада,Херсонський,сільська
Великокучурівська територіальна громада,Чернівецький,сільська
Великолепетиська територіальна громада,Каховський,селищна
Великолучківська територіальна громада,Мукачівський,сільська
Великолюбінська територіальна громада,Львівський,селищна
Великомежиріцька територіальна громада,Рівненський,сільська
Великомихайлівська територіальна громада,Синельниківський,сільська
Великомихайлівська територіальна громада,Роздільнянський,селищна
Великомостівська територіальна громада,Шептицький,міська
Великоновосілківська територіальна громада,Волноваський,селищна
Великоолександрівська територіальна громада,Бериславський,селищна
Великоомелянська територіальна громада,Рівненський,сільська
Великописарівська територіальна громада,Охтирський,селищна
Великоплосківська територіальна громада,Роздільнянський,сільська
Великорублівська територіальна громада,Полтавський,сільська
Великосеверинівська територіальна громада,Кропивницький,сільська
Великосорочинська територіальна громада,Миргородський,сільська
Великохутірська територіальна громада,Золотоніський,сільська
Велимченська територіальна громада,Ковельський,сільська
Велицька територіальна громада,Ковельський,сільська
Вендичанська територіальна громада,Могилів-Подільський,селищна
Вербківська територіальна громада,Павлоградський,сільська
Вербська територіальна громада,Дубенський,сільська
Веренчацька територіальна громада,Чернівецький,сільська
Вертіївська територіальна громада,Ніжинський,сільська
Верхньодніпровська територіальна громада,Кам’янський,міська
Верхньокоропецька територіальна громада,Мукачівський,сільська
Верхньорогачицька територіальна громада,Каховський,селищна
Верхньосироватська територіальна громада,Сумський,сільська
Верхнянська територіальна громада,Калуський,сільська
Верховинська територіальна громада,Верховинський,селищна
Верхівцівська територіальна громада,Кам’янський,міська
Веселинівська територіальна громада,Вознесенський,селищна
Веселівська територіальна громада,Мелітопольський,селищна
Веснянська територіальна громада,Миколаївський,сільська
Вигодська територіальна громада,Калуський,селищна
Вигодянська територіальна громада,Одеський,сільська
Вижницька територіальна громада,Вижницький,міська
Визирська територіальна громада,Одеський,сільська
Вилківська територіальна громада,Ізмаїльський,міська
Вилоцька територіальна громада,Берегівський,селищна
Виноградська територіальна громада,Звенигородський,сільська
Виноградівська територіальна громада,Берегівський,міська
Виноградівська територіальна громада,Херсонський,сільська
Вирівська територіальна громада,Сарненський,сільська
Високопільська територіальна громада,Бериславський,селищна
Високівська територіальна громада,Житомирський,сільська
Висоцька територіальна громада,Сарненський,сільська
Височанська територіальна громада,Харківський,селищна
Височанська територіальна громада,Ніжинський,сільська
Витвицька територіальна громада,Калуський,сільська
Вишгородська територіальна громада,Вишгородський,міська
Вишевицька територіальна громада,Житомирський,сільська
Вишківська територіальна громада,Хустський,селищна
Вишнева територіальна громада,Бучанський,міська
Вишнівецька територіальна громада,Кременецький,селищна
Вишнівська територіальна громада,Ковельський,сільська
Вишнівська територіальна громада,Кам’янський,селищна
Вовковинецька територіальна громада,Хмельницький,селищна
Вовчанська територіальна громада,Чугуївський,міська
Водяницька територіальна громада,Звенигородський,сільська
Водянська територіальна громада,Василівський,сільська
Воздвижівська територіальна громада,Пологівський,сільська
Вознесенська територіальна громада,Вознесенський,міська
Вознесенська територіальна громада,Золотоніський,сільська
Войнилівська територіальна громада,Калуський,селищна
Волицька територіальна громада,Житомирський,сільська
Волноваська територіальна громада,Волноваський,міська
Воловецька територіальна громада,Мукачівський,селищна
Володарська територіальна громада,Білоцерківський,селищна
Володимир-Волинська територіальна громада,Володимирський,міська
Володимирецька територіальна громада,Вараський,селищна
Володимирівська територіальна громада,Баштанський,сільська
Волоківська територіальна громада,Чернівецький,сільська
Волочиська територіальна громада,Хмельницький,міська
Ворожбянська територіальна громада,Сумський,міська
Вороновицька територіальна громада,Вінницький,селищна
Вороньківська територіальна громада,Бориспільський,сільська
Ворохтянська територіальна громада,Надвірнянський,селищна
Воскресенська територіальна громада,Пологівський,сільська
Воскресенська територіальна громада,Миколаївський,селищна
Врадіївська територіальна громада,Первомайський,селищна
Вугледарська територіальна громада,Волноваський,міська
Вчорайшенська територіальна громада,Бердичівський,сільська
Війтовецька територіальна громада,Хмельницький,селищна
Війтівецька територіальна громада,Хмільницький,сільська
Вікнянська територіальна громада,Чернівецький,сільська
Вільногірська територіальна громада,Кам’янський,міська
Вільнозапорізька територіальна громада,Баштанський,сільська
Вільнянська територіальна громада,Запорізький,міська
Вільховецька територіальна громада,Тячівський,сільська
Вільхуватська територіальна громада,Куп’янський,сільська
Вільхівська територіальна громада,Харківський,сільська
Вільшанська територіальна громада,Житомирський,сільська
Вільшанська територіальна громада,Голованівський,селищна
Вільшанська територіальна громада,Роменський,сільська
Вільшанська територіальна громада,Звенигородський,селищна
Вінницька територіальна громада,Вінницький,міська
Віньковецька територіальна громада,Хмельницький,селищна
Гадяцька територіальна громада,Миргородський,міська
Гайворонська територіальна громада,Голованівський,міська
Гайсинська територіальна громада,Гайсинський,міська
Галицинівська територіальна громада,Миколаївський,сільська
Галицька територіальна громада,Івано-Франківський,міська
Ганнопільська територіальна громада,Шепетівський,сільська
Ганнівська територіальна громада,Новоукраїнський,сільська
Гатненська територіальна громада,Фастівський,сільська
Гвардійська територіальна громада,Хмельницький,сільська
Гвіздецька територіальна громада,Коломийський,селищна
Гельмязівська територіальна громада,Золотоніський,сільська
Генічеська територіальна громада,Генічеський,міська
Герцаївська територіальна громада,Чернівецький,міська
Гладковицька територіальна громада,Коростенський,сільська
Глевахівська територіальна громада,Фастівський,селищна
Глеюватська територіальна громада,Криворізький,сільська
Глибоцька територіальна громада,Чернівецький,селищна
Глибочицька територіальна громада,Житомирський,сільська
Глинянська територіальна громада,Львівський,міська
Глобинська територіальна громада,Кременчуцький,міська
Глодоська територіальна громада,Новоукраїнський,сільська
Глуховецька територіальна громада,Хмільницький,селищна
Глухівська територіальна громада,Шосткинський,міська
Гніванська територіальна громада,Вінницький,міська
Гніздичівська територіальна громада,Стрийський,селищна
Гоголівська територіальна громада,Миргородський,селищна
Голобська територіальна громада,Ковельський,селищна
Голованівська територіальна громада,Голованівський,селищна
Головинська територіальна громада,Рівненський,сільська
Головненська територіальна громада,Ковельський,селищна
Голопристанська територіальна громада,Скадовський,міська
Гончарівська територіальна громада,Чернігівський,селищна
Горностаївська територіальна громада,Каховський,селищна
Городенківська територіальна громада,Коломийський,міська
Городищенська територіальна громада,Луцький,сільська
Городищенська територіальна громада,Черкаський,міська
Городківська територіальна громада,Тульчинський,сільська
Городненська територіальна громада,Болградський,сільська
Городницька територіальна громада,Звягельський,селищна
Городнянська територіальна громада,Чернігівський,міська
Городоцька територіальна громада,Житомирський,селищна
Городоцька територіальна громада,Львівський,міська
Городоцька територіальна громада,Рівненський,сільська
Городоцька територіальна громада,Хмельницький,міська
Горондівська територіальна громада,Мукачівський,сільська
Горохівська територіальна громада,Луцький,міська
Горохівська територіальна громада,Баштанський,сільська
Горщиківська територіальна громада,Коростенський,сільська
Горінчівська територіальна громада,Хустський,сільська
Горішньоплавнівська територіальна громада,Кременчуцький,міська
Горішньошеровецька територіальна громада,Чернівецький,сільська
Гостомельська територіальна громада,Бучанський,селищна
Гощанська територіальна громада,Рівненський,селищна
Грабовецько-Дулібівська територіальна громада,Стрийський,сільська
Градизька територіальна громада,Кременчуцький,селищна
Гребінківська територіальна громада,Білоцерківський,селищна
Гребінківська територіальна громада,Лубенський,міська
Гречаноподівська територіальна громада,Криворізький,сільська
Гримайлівська територіальна громада,Чортківський,селищна
Грицівська територіальна громада,Шепетівський,селищна
Гришковецька територіальна громада,Бердичівський,селищна
Гродівська територіальна громада,Покровський,селищна
Грунська територіальна громада,Охтирський,сільська
Грушівська територіальна громада,Криворізький,сільська
Губиниська територіальна громада,Самарівський,селищна
Гуківська територіальна громада,Кам’янець-Подільський,сільська
Гуляйпільська територіальна громада,Пологівський,міська
Гуменецька територіальна громада,Кам’янець-Подільський,сільська
Гурівська територіальна громада,Кропивницький,сільська
Гусятинська територіальна громада,Чортківський,селищна
Гірська територіальна громада,Бориспільський,сільська
Гірська територіальна громада,Сіверськодонецький,міська
Давидівська територіальна громада,Львівський,сільська
Дальницька територіальна громада,Одеський,сільська
Дар’ївська територіальна громада,Херсонський,сільська
Дачненська територіальна громада,Одеський,сільська
Дашівська територіальна громада,Гайсинський,селищна
Дворічанська територіальна громада,Куп’янський,селищна
Девладівська територіальна громада,Криворізький,сільська
Делятинська територіальна громада,Надвірнянський,селищна
Демидівська територіальна громада,Дубенський,селищна
Деражненська територіальна громада,Рівненський,сільська
Деражнянська територіальна громада,Хмельницький,міська
Дергачівська територіальна громада,Харківський,міська
Деснянська територіальна громада,Чернігівський,селищна
Джулинська територіальна громада,Гайсинський,сільська
Джуринська територіальна громада,Жмеринський,сільська
Дзвиняцька територіальна громада,Івано-Франківський,сільська
Дивізійська територіальна громада,Білгород-Дністровський,сільська
Диканьська територіальна громада,Полтавський,селищна
Димерська територіальна громада,Вишгородський,селищна
Дмитрушківська територіальна громада,Уманський,сільська
Дмитрівська територіальна громада,Бучанський,сільська
Дмитрівська територіальна громада,Кропивницький,сільська
Дмитрівська територіальна громада,Ніжинський,селищна
Дніпровська територіальна громада,Дніпровський,міська
Дніпрорудненська територіальна громада,Василівський,міська
Добровеличківська територіальна громада,Новоукраїнський,селищна
Добромильська територіальна громада,Самбірський,міська
Добропільська територіальна громада,Покровський,міська
Добросинсько-Магерівська територіальна громада,Львівський,сільська
Доброславська територіальна громада,Одеський,селищна
Добротвірська територіальна громада,Шептицький,селищна
Добрянська територіальна громада,Чернігівський,селищна
Довбиська територіальна громада,Звягельський,селищна
Довжанська територіальна громада,Хустський,сільська
Долинська територіальна громада,Запорізький,сільська
Долинська територіальна громада,Калуський,міська
Долинська територіальна громада,Кропивницький,міська
Долинська територіальна громада,Подільський,сільська
Долматівська територіальна громада,Скадовський,сільська
Доманівська територіальна громада,Вознесенський,селищна
Донецька територіальна громада,Ізюмський,селищна
Доросинівська територіальна громада,Луцький,сільська
Дорошівська територіальна громада,Вознесенський,сільська
Драбинівська територіальна громада,Полтавський,сільська
Драбівська територіальна громада,Золотоніський,селищна
Драгівська територіальна громада,Хустський,сільська
Дрогобицька територіальна громада,Дрогобицький,міська
Дружбівська територіальна громада,Шосткинський,міська
Дружківська територіальна громада,Краматорський,міська
Дубенська територіальна громада,Дубенський,міська
Дубечненська територіальна громада,Ковельський,сільська
Дубовецька територіальна громада,Івано-Франківський,сільська
Дубовиківська територіальна громада,Синельниківський,сільська
Дубов’язівська територіальна громада,Конотопський,селищна
Дубриницько-Малоберезнянська територіальна громада,Ужгородський,сільська
Дубровицька територіальна громада,Сарненський,міська
Дубрівська територіальна громада,Звягельський,сільська
Дубівська територіальна громада,Ковельський,сільська
Дубівська територіальна громада,Тячівський,селищна
Дубівська територіальна громада,Калуський,сільська
Дунаєвецька територіальна громада,Кам’янець-Подільський,міська
Дядьковицька територіальна громада,Рівненський,сільська
Дівичківська територіальна громада,Бориспільський,сільська
Енергодарська територіальна громада,Василівський,міська
Есманьська територіальна громада,Шосткинський,селищна
Жашківська територіальна громада,Уманський,міська
Жванецька територіальна громада,Кам’янець-Подільський,сільська
Жденіївська територіальна громада,Мукачівський,селищна
Жидачівська територіальна громада,Стрийський,міська
Житомирська територіальна громада,Житомирський,міська
Жмеринська територіальна громада,Жмеринський,міська
Жовківська територіальна громада,Львівський,міська
Жовтанецька територіальна громада,Львівський,сільська
Жовтоводська територіальна громада,Кам’янський,міська
Журавненська територіальна громада,Стрийський,селищна
Заболоттівська територіальна громада,Ковельський,селищна
Заболотцівська територіальна громада,Золочівський,сільська
Заболотівська територіальна громада,Коломийський,селищна
Забродівська територіальна громада,Ковельський,сільська
Заваллівська територіальна громада,Голованівський,селищна
Заводська територіальна громада,Миргородський,міська
Заводська територіальна громада,Чортківський,селищна
Загвіздянська територіальна громада,Івано-Франківський,сільська
Зазимська територіальна громада,Броварський,сільська
Зайцівська територіальна громада,Синельниківський,сільська
Закупненська територіальна громада,Кам’янець-Подільський,селищна
Залозецька територіальна громада,Тернопільський,селищна
Заліщицька територіальна громада,Чортківський,міська
Запорізька територіальна громада,Запорізький,міська
Зарічанська територіальна громада,Хустський,сільська
Зарічненська територіальна громада,Вараський,селищна
Заслучненська територіальна громада,Хмельницький,сільська
Заставнівська територіальна громада,Чернівецький,міська
Затишанська територіальна громада,Роздільнянський,селищна
Затишнянська територіальна громада,Кам’янський,сільська
Затурцівська територіальна громада,Володимирський,сільська
Захарівська територіальна громада,Роздільнянський,селищна
Зачепилівська територіальна громада,Берестинський,селищна
Збаразька територіальна громада,Тернопільський,міська
Зборівська територіальна громада,Тернопільський,міська
Званівська територіальна громада,Бахмутський,сільська
Звенигородська територіальна громада,Звенигородський,міська
Звягельська територіальна громада,Звягельський,міська
Згурівська територіальна громада,Броварський,селищна
Здовбицька територіальна громада,Рівненський,сільська
Здолбунівська територіальна громада,Рівненський,міська
Зеленогірська територіальна громада,Подільський,селищна
Зеленодольська територіальна громада,Криворізький,міська
Зеленопідська територіальна громада,Каховський,сільська
Зеленська територіальна громада,Верховинський,сільська
Зимноводівська територіальна громада,Львівський,сільська
Зимнівська територіальна громада,Володимирський,сільська
Злинська територіальна громада,Новоукраїнський,сільська
Зміївська територіальна громада,Чугуївський,міська
Знам’янська територіальна громада,Кропивницький,міська
Знам’янська територіальна громада,Березівський,сільська
Зноб-Новгородська територіальна громада,Шосткинський,селищна
Золотниківська територіальна громада,Тернопільський,сільська
Золотоніська територіальна громада,Золотоніський,міська
Золотопотіцька територіальна громада,Чортківський,селищна
Золочівська територіальна громада,Бориспільський,сільська
Золочівська територіальна громада,Золочівський,міська
Золочівська територіальна громада,Богодухівський,селищна
Зорянська територіальна громада,Рівненський,сільська
Зорівська територіальна громада,Золотоніський,сільська
Зіньківська територіальна громада,Полтавський,міська
Зіньківська територіальна громада,Хмельницький,сільська
Кагарлицька територіальна громада,Обухівський,міська
Кадубовецька територіальна громада,Чернівецький,сільська
Казанківська територіальна громада,Баштанський,селищна
Каланчацька територіальна громада,Скадовський,селищна
Калинівська територіальна громада,Хмільницький,міська
Калинівська територіальна громада,Фастівський,селищна
Калинівська територіальна громада,Броварський,селищна
Калинівська територіальна громада,Бериславський,селищна
Калитянська територіальна громада,Броварський,селищна
Калуська територіальна громада,Калуський,міська
Кальчицька територіальна громада,Маріупольський,сільська
Кам'янець-Подільська територіальна громада,Кам’янець-Подільський,міська
Кам'янецька територіальна громада,Чернівецький,сільська
Кам'яномостівська територіальна громада,Первомайський,сільська
Кам'янопотоківська територіальна громада,Кременчуцький,сільська
Кам'янська територіальна громада,Кам’янський,міська
Кам'янська територіальна громада,Берегівський,сільська
Кам'янська територіальна громада,Чернівецький,сільська
Кам'янсько-Дніпровська територіальна громада,Василівський,міська
Камінь-Каширська територіальна громада,Камінь-Каширський,міська
Кам’янка-Бузька територіальна громада,Львівський,міська
Кам’янська територіальна громада,Черкаський,міська
Каноницька територіальна громада,Вараський,сільська
Канівська територіальна громада,Черкаський,міська
Карапачівська територіальна громада,Чернівецький,сільська
Карлівська територіальна громада,Полтавський,міська
Кароліно-Бугазька територіальна громада,Білгород-Дністровський,сільська
Карпівська територіальна громада,Криворізький,сільська
Катеринопільська територіальна громада,Звенигородський,селищна
Катеринівська територіальна громада,Кропивницький,сільська
Каховська територіальна громада,Каховський,міська
Квітнева територіальна громада,Житомирський,сільська
Кегичівська територіальна громада,Берестинський,селищна
Кельменецька територіальна громада,Дністровський,селищна
Керецьківська територіальна громада,Хустський,сільська
Кетрисанівська територіальна громада,Кропивницький,сільська
Кириківська територіальна громада,Охтирський,селищна
Кирилівська територіальна громада,Мелітопольський,селищна
Киселівська територіальна громада,Чернігівський,сільська
Китайгородська територіальна громада,Дніпровський,сільська
Китайгородська територіальна громада,Кам’янець-Подільський,сільська
Київ територіальна громада,,міська
Киїнська територіальна громада,Чернігівський,сільська
Клеванська територіальна громада,Рівненський,селищна
Клесівська територіальна громада,Сарненський,селищна
Клішковецька територіальна громада,Дністровський,сільська
Кобеляцька територіальна громада,Полтавський,міська
Коблівська територіальна громада,Миколаївський,сільська
Ковалівська територіальна громада,Білоцерківський,сільська
Ковельська територіальна громада,Ковельський,міська
Кодимська територіальна громада,Подільський,міська
Кожанська територіальна громада,Фастівський,селищна
Козелецька територіальна громада,Чернігівський,селищна
Козельщинська територіальна громада,Кременчуцький,селищна
Козинська територіальна громада,Обухівський,селищна
Козинська територіальна громада,Дубенський,сільська
Козлівська територіальна громада,Тернопільський,селищна
Козятинська територіальна громада,Хмільницький,міська
Козівська територіальна громада,Стрийський,сільська
Козівська територіальна громада,Тернопільський,селищна
Колиндянська територіальна громада,Чортківський,сільська
Колківська територіальна громада,Луцький,селищна
Колодяжненська територіальна громада,Ковельський,сільська
Коломацька територіальна громада,Полтавський,сільська
Коломацька територіальна громада,Богодухівський,селищна
Коломийська територіальна громада,Коломийський,міська
Коломийчиська територіальна громада,Сватівський,сільська
Колочавська територіальна громада,Хустський,сільська
Кольчинська територіальна громада,Мукачівський,селищна
Комарнівська територіальна громада,Львівський,міська
Комарська територіальна громада,Волноваський,сільська
Комарівська територіальна громада,Ніжинський,сільська
Комиш-Зорянська територіальна громада,Пологівський,селищна
Комишанська територіальна громада,Охтирський,сільська
Комишнянська територіальна громада,Миргородський,селищна
Комишуваська територіальна громада,Запорізький,селищна
Компаніївська територіальна громада,Кропивницький,селищна
Коноплянська територіальна громада,Березівський,сільська
Конотопська територіальна громада,Конотопський,міська
Конятинська територіальна громада,Вижницький,сільська
Копайгородська територіальна громада,Жмеринський,селищна
Копачівська територіальна громада,Луцький,сільська
Копичинецька територіальна громада,Чортківський,міська
Корецька територіальна громада,Рівненський,міська
Корнинська територіальна громада,Житомирський,селищна
Корнинська територіальна громада,Рівненський,сільська
Коровинська територіальна громада,Роменський,сільська
Королівська територіальна громада,Берегівський,селищна
Коропецька територіальна громада,Чортківський,селищна
Коропська територіальна громада,Новгород-Сіверський,селищна
Коростенська територіальна громада,Коростенський,міська
Коростишівська територіальна громада,Житомирський,міська
Корсунь-Шевченківська територіальна громада,Черкаський,міська
Коршівська територіальна громада,Коломийський,сільська
Корюківська територіальна громада,Корюківський,міська
Космацька територіальна громада,Косівський,сільська
Косоньська територіальна громада,Берегівський,сільська
Костопільська територіальна громада,Рівненський,міська
Кострижівська територіальна громада,Чернівецький,селищна
Костринська територіальна громада,Ужгородський,сільська
Костянтинівська територіальна громада,Краматорський,міська
Костянтинівська територіальна громада,Мелітопольський,сільська
Костянтинівська територіальна громада,Миколаївський,сільська
Костянтинівська територіальна громада,Каховський,сільська
Косівська територіальна громада,Косівський,міська
Котелевська територіальна громада,Полтавський,селищна
Коцюбинська територіальна громада,Бучанський,селищна
Кочубеївська територіальна громада,Бериславський,сільська
Краматорська територіальна громада,Краматорський,міська
Красилівська територіальна громада,Хмельницький,міська
Красненська територіальна громада,Золочівський,селищна
Красноградська територіальна громада,Берестинський,міська
Краснокутська територіальна громада,Богодухівський,селищна
Краснолуцька територіальна громада,Миргородський,сільська
Краснопільська територіальна громада,Гайсинський,сільська
Краснопільська територіальна громада,Бердичівський,сільська
Краснопільська територіальна громада,Сумський,селищна
Красноріченська територіальна громада,Сватівський,селищна
Красносільська територіальна громада,Одеський,сільська
Красноїльська територіальна громада,Чернівецький,селищна
Кременецька територіальна громада,Кременецький,міська
Кременчуцька територіальна громада,Кременчуцький,міська
Кремінська територіальна громада,Сіверськодонецький,міська
Кривоозерська територіальна громада,Первомайський,селищна
Криворізька територіальна громада,Криворізький,міська
Криворізька територіальна громада,Покровський,сільська
Крижопільська територіальна громада,Тульчинський,селищна
Криничанська територіальна громада,Кам’янський,селищна
Криниченська територіальна громада,Болградський,сільська
Кролевецька територіальна громада,Конотопський,міська
Кропивницька територіальна громада,Кропивницький,міська
Крупецька територіальна громада,Дубенський,сільська
Крупецька територіальна громада,Шепетівський,сільська
Крутівська територіальна громада,Ніжинський,сільська
Кубейська територіальна громада,Болградський,сільська
Кулевчанська територіальна громада,Білгород-Дністровський,сільська
Куликівська територіальна громада,Львівський,селищна
Куликівська територіальна громада,Чернігівський,селищна
Кунківська територіальна громада,Гайсинський,сільська
Куньєвська територіальна громада,Ізюмський,сільська
Куп'янська територіальна громада,Куп’янський,міська
Купчинецька територіальна громада,Тернопільський,сільська
Курахівська територіальна громада,Покровський,міська
Курилівська територіальна громада,Куп’янський,сільська
Курненська територіальна громада,Житомирський,сільська
Курісовська територіальна громада,Березівський,сільська
Кутська територіальна громада,Косівський,селищна
Куцурубська територіальна громада,Миколаївський,сільська
Кушугумська територіальна громада,Запорізький,селищна
Куяльницька територіальна громада,Подільський,сільська
Ківерцівська територіальна громада,Луцький,міська
Кілійська територіальна громада,Ізмаїльський,міська
Кіндрашівська територіальна громада,Куп’янський,сільська
Кіптівська територіальна громада,Чернігівський,сільська
Кіцманська територіальна громада,Чернівецький,міська
Ладанська територіальна громада,Прилуцький,селищна
Ладижинська територіальна громада,Гайсинський,міська
Ладижинська територіальна громада,Уманський,сільська
Лазурненська територіальна громада,Скадовський,селищна
Ланнівська територіальна громада,Полтавський,сільська
Лановецька територіальна громада,Кременецький,міська
Ланчинська територіальна громада,Надвірнянський,селищна
Лебединська територіальна громада,Сумський,міська
Ленковецька територіальна громада,Шепетівський,сільська
Леськівська територіальна громада,Черкаський,сільська
Летичівська територіальна громада,Хмельницький,селищна
Лиманська територіальна громада,Краматорський,міська
Лиманська територіальна громада,Білгород-Дністровський,сільська
Лиманська територіальна громада,Роздільнянський,селищна
Линовицька територіальна громада,Прилуцький,селищна
Лип'янська територіальна громада,Звенигородський,сільська
Липецька територіальна громада,Харківський,сільська
Липовецька територіальна громада,Вінницький,міська
Липоводолинська територіальна громада,Роменський,селищна
Лисецька територіальна громада,Івано-Франківський,селищна
Лисичанська територіальна громада,Сіверськодонецький,міська
Лисянська територіальна громада,Звенигородський,селищна
Литовезька територіальна громада,Володимирський,сільська
Лихівська територіальна громада,Кам’янський,селищна
Личківська територіальна громада,Самарівський,сільська
Лозно-Олександрівська територіальна громада,Сватівський,селищна
Лозуватська територіальна громада,Криворізький,сільська
Лозівська територіальна громада,Лозівський,міська
Локачинська територіальна громада,Володимирський,селищна
Локницька територіальна громада,Вараський,сільська
Лопатинська територіальна громада,Шептицький,селищна
Лопушненська територіальна громада,Кременецький,сільська
Лосинівська територіальна громада,Ніжинський,селищна
Лохвицька територіальна громада,Миргородський,міська
Лубенська територіальна громада,Лубенський,міська
Лугинська територіальна громада,Коростенський,селищна
Лука-Мелешківська територіальна громада,Вінницький,сільська
Луківська територіальна громада,Ковельський,селищна
Луцька територіальна громада,Луцький,міська
Львівська територіальна громада,Львівський,міська
Любарська територіальна громада,Житомирський,селищна
Любашівська територіальна громада,Подільський,селищна
Любецька територіальна громада,Чернігівський,селищна
Любешівська територіальна громада,Камінь-Каширський,селищна
Любимівська територіальна громада,Дніпровський,сільська
Любимівська територіальна громада,Каховський,селищна
Люблинецька територіальна громада,Ковельський,селищна
Любомльська територіальна громада,Ковельський,міська
Люботинська територіальна громада,Харківський,міська
Лютенська територіальна громада,Миргородський,сільська
Ляшківська територіальна громада,Дніпровський,сільська
Лівинецька територіальна громада,Дністровський,сільська
Ліплявська територіальна громада,Черкаський,сільська
Лісовогринівецька територіальна громада,Хмельницький,сільська
Літинська територіальна громада,Вінницький,селищна
Магальська територіальна громада,Чернівецький,сільська
Магдалинівська територіальна громада,Самарівський,селищна
Макарівська територіальна громада,Бучанський,селищна
Маківська територіальна громада,Кам’янець-Подільський,сільська
Макіївська територіальна громада,Ніжинський,сільська
Малинська територіальна громада,Коростенський,міська
Малинська територіальна громада,Рівненський,сільська
Малинівська територіальна громада,Пологівський,сільська
Малинівська територіальна громада,Чугуївський,селищна
Малобілозерська територіальна громада,Василівський,сільська
Маловисківська територіальна громада,Новоукраїнський,міська
Маловільшанська територіальна громада,Білоцерківський,сільська
Малоданилівська територіальна громада,Харківський,селищна
Малодівицька територіальна громада,Прилуцький,селищна
Малолюбашанська територіальна громада,Рівненський,сільська
Маломихайлівська територіальна громада,Синельниківський,сільська
Малотокмачанська територіальна громада,Пологівський,сільська
Мамалигівська територіальна громада,Дністровський,сільська
Мамаївська територіальна громада,Чернівецький,сільська
Мангушська територіальна громада,Маріупольський,селищна
Маневицька територіальна громада,Камінь-Каширський,селищна
Маньківська територіальна громада,Уманський,селищна
Мар'янівська територіальна громада,Луцький,селищна
Мар'їнська територіальна громада,Покровський,міська
Маразліївська територіальна громада,Білгород-Дністровський,сільська
Марганецька територіальна громада,Нікопольський,міська
Марківська територіальна громада,Старобільський,селищна
Мартинівська територіальна громада,Полтавський,сільська
Маріупольська територіальна громада,Маріупольський,міська
Мар’янівська територіальна громада,Новоукраїнський,сільська
Матвіївська територіальна громада,Запорізький,сільська
Матеївецька територіальна громада,Коломийський,сільська
Матусівська територіальна громада,Звенигородський,сільська
Махнівська територіальна громада,Хмільницький,сільська
Мачухівська територіальна громада,Полтавський,сільська
Машівська територіальна громада,Полтавський,селищна
Маяківська територіальна громада,Одеський,сільська
Медведівська територіальна громада,Черкаський,сільська
Медвинська територіальна громада,Білоцерківський,сільська
Меденицька територіальна громада,Дрогобицький,селищна
Меджибізька територіальна громада,Хмельницький,селищна
Межиріцька територіальна громада,Павлоградський,сільська
Межівська територіальна громада,Синельниківський,селищна
Мельнице-Подільська територіальна громада,Чортківський,селищна
Мелітопольська територіальна громада,Мелітопольський,міська
Менська територіальна громада,Корюківський,міська
Мереф'янська територіальна громада,Харківський,міська
Мигіївська територіальна громада,Первомайський,сільська
Миколаївська територіальна громада,Дніпровський,сільська
Миколаївська територіальна громада,Синельниківський,сільська
Миколаївська територіальна громада,Краматорський,міська
Миколаївська територіальна громада,Стрийський,міська
Миколаївська територіальна громада,Миколаївський,міська
Миколаївська територіальна громада,Березівський,селищна
Миколаївська територіальна громада,Сумський,сільська
Миколаївська територіальна громада,Сумський,селищна
Микулинецька територіальна громада,Тернопільський,селищна
Миляцька територіальна громада,Сарненський,сільська
Милівська територіальна громада,Бериславський,сільська
Миргородська територіальна громада,Миргородський,міська
Мирненська територіальна громада,Волноваський,селищна
Мирненська територіальна громада,Мелітопольський,селищна
Мирненська територіальна громада,Скадовський,селищна
Мирноградська територіальна громада,Покровський,міська
Мирогощанська територіальна громада,Дубенський,сільська
Миролюбненська територіальна громада,Хмельницький,сільська
Миронівська територіальна громада,Обухівський,міська
Миропільська територіальна громада,Житомирський,селищна
Миропільська територіальна громада,Сумський,сільська
Мирівська територіальна громада,Нікопольський,сільська
Михайло-Коцюбинська територіальна громада,Чернігівський,селищна
Михайло-Лукашівська територіальна громада,Запорізький,сільська
Михайлюцька територіальна громада,Шепетівський,сільська
Михайлівська територіальна громада,Василівський,селищна
Михайлівська територіальна громада,Запорізький,сільська
Михайлівська територіальна громада,Полтавський,сільська
Михайлівська територіальна громада,Черкаський,сільська
Млинівська територіальна громада,Дубенський,селищна
Мліївська територіальна громада,Черкаський,сільська
Могилів-Подільська територіальна громада,Могилів-Подільський,міська
Могилівська територіальна громада,Дніпровський,сільська
Мокрокалигірська територіальна громада,Звенигородський,сільська
Мологівська територіальна громада,Білгород-Дністровський,сільська
Молочанська територіальна громада,Пологівський,міська
Монастириська територіальна громада,Чортківський,міська
Монастирищенська територіальна громада,Уманський,міська
Моршинська територіальна громада,Стрийський,міська
Мостиська територіальна громада,Яворівський,міська
Мостівська територіальна громада,Вознесенський,сільська
Мошнівська територіальна громада,Черкаський,сільська
Мринська територіальна громада,Ніжинський,сільська
Музиківська територіальна громада,Херсонський,сільська
Мукачівська територіальна громада,Мукачівський,міська
Мурафська територіальна громада,Жмеринський,сільська
Мурованокуриловецька територіальна громада,Могилів-Подільський,селищна
Мурованська територіальна громада,Львівський,сільська
Міжгірська територіальна громада,Хустський,селищна
Мізоцька територіальна громада,Рівненський,селищна
Міловська територіальна громада,Старобільський,селищна
Мішково-Погорілівська територіальна громада,Миколаївський,сільська
Набутівська територіальна громада,Черкаський,сільська
Нагірянська територіальна громада,Чортківський,сільська
Надвірнянська територіальна громада,Надвірнянський,міська
Надлацька територіальна громада,Голованівський,сільська
Нараївська територіальна громада,Тернопільський,сільська
Наркевицька територіальна громада,Хмельницький,селищна
Народицька територіальна громада,Коростенський,селищна
Наталинська територіальна громада,Берестинський,сільська
Недобоївська територіальна громада,Дністровський,сільська
Недригайлівська територіальна громада,Роменський,селищна
Неліпинська територіальна громада,Мукачівський,сільська
Немирівська територіальна громада,Вінницький,міська
Немовицька територіальна громада,Сарненський,сільська
Немішаївська територіальна громада,Бучанський,селищна
Неполоковецька територіальна громада,Чернівецький,селищна
Нересницька територіальна громада,Тячівський,сільська
Нерубайська територіальна громада,Одеський,сільська
Нетішинська територіальна громада,Шепетівський,міська
Нехворощанська територіальна громада,Полтавський,сільська
Нечаянська територіальна громада,Миколаївський,сільська
Нивотрудівська територіальна громада,Криворізький,сільська
Нижньовербізька територіальна громада,Коломийський,сільська
Нижньоворітська територіальна громада,Мукачівський,сільська
Нижньодуванська територіальна громада,Сватівський,селищна
Нижньосироватська територіальна громада,Сумський,сільська
Нижньосірогозька територіальна громада,Генічеський,селищна
Нижньотеплівська територіальна громада,Щастинський,сільська
Новгород-Сіверська територіальна громада,Новгород-Сіверський,міська
Новгородківська територіальна громада,Кропивницький,селищна
Новенська територіальна громада,Мелітопольський,сільська
Новицька територіальна громада,Калуський,сільська
Новоайдарська територіальна громада,Щастинський,селищна
Новоархангельська територіальна громада,Голованівський,селищна
Новобасанська територіальна громада,Ніжинський,сільська
Новобогданівська територіальна громада,Мелітопольський,сільська
Новоборисівська територіальна громада,Роздільнянський,сільська
Новоборівська територіальна громада,Житомирський,селищна
Новобузька територіальна громада,Баштанський,міська
Новобілоуська територіальна громада,Чернігівський,сільська
Нововасилівська територіальна громада,Мелітопольський,селищна
Нововодолазька територіальна громада,Харківський,селищна
Нововолинська територіальна громада,Володимирський,міська
Нововоронцовська територіальна громада,Бериславський,селищна
Новогалещинська територіальна громада,Кременчуцький,селищна
Новогродівська територіальна громада,Покровський,міська
Новогуйвинська територіальна громада,Житомирський,селищна
Новодмитрівська територіальна громада,Золотоніський,сільська
Новодністровська територіальна громада,Дністровський,міська
Новодонецька територіальна громада,Краматорський,селищна
Новодунаєвецька територіальна громада,Кам’янець-Подільський,селищна
Новокалинівська територіальна громада,Самбірський,міська
Новокальчевська територіальна громада,Березівський,сільська
Новокаховська територіальна громада,Каховський,міська
Новолатівська територіальна громада,Криворізький,сільська
Новомар'ївська територіальна громада,Вознесенський,сільська
Новомиколаївська територіальна громада,Запорізький,селищна
Новомиколаївська територіальна громада,Скадовський,сільська
Новомиргородська територіальна громада,Новоукраїнський,міська
Новомосковська територіальна громада,Самарівський,міська
Новоодеська територіальна громада,Миколаївський,міська
Новоолександрівська територіальна громада,Дніпровський,сільська
Новоолександрівська територіальна громада,Запорізький,сільська
Новоолександрівська територіальна громада,Бериславський,сільська
Новооржицька територіальна громада,Лубенський,селищна
Новопавлівська територіальна громада,Синельниківський,сільська
Новопокровська територіальна громада,Дніпровський,селищна
Новопокровська територіальна громада,Чугуївський,селищна
Новопразька територіальна громада,Олександрійський,селищна
Новопсковська територіальна громада,Старобільський,селищна
Новопільська територіальна громада,Криворізький,сільська
Новорайська територіальна громада,Бериславський,сільська
Новороздільська територіальна громада,Стрийський,міська
Новосанжарська територіальна громада,Полтавський,селищна
Новоселицька територіальна громада,Чернівецький,міська
Новоселівська територіальна громада,Полтавський,сільська
Новослобідська територіальна громада,Конотопський,сільська
Новотроїцька територіальна громада,Генічеський,селищна
Новоукраїнська територіальна громада,Новоукраїнський,міська
Новоуспенівська територіальна громада,Мелітопольський,сільська
Новоушицька територіальна громада,Кам’янець-Подільський,селищна
Новояворівська територіальна громада,Яворівський,міська
Новояричівська територіальна громада,Львівський,селищна
Носівська територіальна громада,Ніжинський,міська
Ніжинська територіальна громада,Ніжинський,міська
Нікольська територіальна громада,Маріупольський,селищна
Нікопольська територіальна громада,Нікопольський,міська
Обертинська територіальна громада,Івано-Франківський,селищна
Ободівська територіальна громада,Гайсинський,сільська
Оболонська територіальна громада,Кременчуцький,сільська
Оброшинська територіальна громада,Львівський,сільська
Обухівська територіальна громада,Дніпровський,селищна
Обухівська територіальна громада,Обухівський,міська
Оваднівська територіальна громада,Володимирський,сільська
Овруцька територіальна громада,Коростенський,міська
Овідіопольська територіальна громада,Одеський,селищна
Одеська територіальна громада,Одеський,міська
Озернянська територіальна громада,Тернопільський,сільська
Окнянська територіальна громада,Подільський,селищна
Олевська територіальна громада,Коростенський,міська
Олександрівська територіальна громада,Краматорський,селищна
Олександрівська територіальна громада,Мелітопольський,сільська
Олександрівська територіальна громада,Кропивницький,селищна
Олександрівська територіальна громада,Вознесенський,селищна
Олександрійська територіальна громада,Олександрійський,міська
Олександрійська територіальна громада,Рівненський,сільська
Олексіївська територіальна громада,Лозівський,сільська
Олешанська територіальна громада,Івано-Франківський,сільська
Олешківська територіальна громада,Херсонський,міська
Олицька територіальна громада,Луцький,селищна
Олишівська територіальна громада,Чернігівський,селищна
Ольгинська територіальна громада,Волноваський,селищна
Ольгопільська територіальна громада,Гайсинський,сільська
Ольшанська територіальна громада,Миколаївський,селищна
Оліївська територіальна громада,Житомирський,сільська
Омельницька територіальна громада,Кременчуцький,сільська
Оноківська територіальна громада,Ужгородський,сільська
Онуфріївська територіальна громада,Олександрійський,селищна
Опішнянська територіальна громада,Полтавський,селищна
Оратівська територіальна громада,Вінницький,селищна
Оржицька територіальна громада,Лубенський,селищна
Орининська територіальна громада,Кам’янець-Подільський,сільська
Оріхівська територіальна громада,Пологівський,міська
Осипенківська територіальна громада,Бердянський,сільська
Оскільська територіальна громада,Ізюмський,сільська
Остерська територіальна громада,Чернігівський,міська
Острицька територіальна громада,Чернівецький,сільська
Острожецька територіальна громада,Дубенський,сільська
Острозька територіальна громада,Рівненський,міська
Отинійська територіальна громада,Коломийський,селищна
Охтирська територіальна громада,Охтирський,міська
Очаківська територіальна громада,Миколаївський,міська
Очеретинська територіальна громада,Покровський,селищна
П'ядицька територіальна громада,Коломийський,сільська
П'ятихатська територіальна громада,Кам’янський,міська
Павлоградська територіальна громада,Павлоградський,міська
Павлівська територіальна громада,Володимирський,сільська
Павлівська територіальна громада,Запорізький,сільська
Павлівська територіальна громада,Болградський,сільська
Паланська територіальна громада,Уманський,сільська
Пантаївська територіальна громада,Олександрійський,селищна
Парафіївська територіальна громада,Прилуцький,селищна
Пасічнянська територіальна громада,Надвірнянський,сільська
Первозванівська територіальна громада,Кропивницький,сільська
Первомайська територіальна громада,Миколаївський,селищна
Первомайська територіальна громада,Первомайський,міська
Первомайська територіальна громада,Лозівський,міська
Перегонівська територіальна громада,Голованівський,сільська
Перегінська територіальна громада,Калуський,селищна
Перемишлянська територіальна громада,Львівський,міська
Переріслянська територіальна громада,Надвірнянський,сільська
Перечинська територіальна громада,Ужгородський,міська
Перещепинська територіальна громада,Самарівський,міська
Переяславська територіальна громада,Бориспільський,міська
Першотравенська територіальна громада,Синельниківський,міська
Першотравневська територіальна громада,Нікопольський,сільська
Петриківська територіальна громада,Дніпровський,селищна
Петро-Михайлівська територіальна громада,Запорізький,сільська
Петровецька територіальна громада,Чернівецький,сільська
Петровірівська територіальна громада,Березівський,сільська
Петропавлівська територіальна громада,Синельниківський,селищна
Петропавлівська територіальна громада,Білгород-Дністровський,сільська
Петропавлівська територіальна громада,Куп’янський,сільська
Петрівська територіальна громада,Вишгородський,сільська
Петрівська територіальна громада,Олександрійський,селищна
Петрівсько-Роменська територіальна громада,Миргородський,сільська
Печеніжинська територіальна громада,Коломийський,селищна
Печенізька територіальна громада,Чугуївський,селищна
Пийтерфолвівська територіальна громада,Берегівський,сільська
Пилипецька територіальна громада,Хустський,сільська
Пирятинська територіальна громада,Лубенський,міська
Плахтіївська територіальна громада,Білгород-Дністровський,сільська
Плисківська територіальна громада,Ніжинський,сільська
Плодородненська територіальна громада,Мелітопольський,сільська
Плужненська територіальна громада,Шепетівський,сільська
Побузька територіальна громада,Голованівський,селищна
Поворська територіальна громада,Ковельський,сільська
Повчанська територіальна громада,Дубенський,сільська
Погребищенська територіальна громада,Вінницький,міська
Подільська територіальна громада,Подільський,міська
Покровська територіальна громада,Синельниківський,селищна
Покровська територіальна громада,Нікопольський,сільська
Покровська територіальна громада,Нікопольський,міська
Покровська територіальна громада,Покровський,міська
Полицька територіальна громада,Вараський,сільська
Пологівська територіальна громада,Пологівський,міська
Полонська територіальна громада,Шепетівський,міська
Полтавська територіальна громада,Полтавський,міська
Поляницька територіальна громада,Надвірнянський,сільська
Полянська територіальна громада,Мукачівський,сільська
Поліська територіальна громада,Вишгородський,селищна
Поморянська територіальна громада,Золочівський,селищна
Помічнянська територіальна громада,Новоукраїнський,міська
Понорницька територіальна громада,Новгород-Сіверський,селищна
Понінківська територіальна громада,Шепетівський,селищна
Попаснянська територіальна громада,Сіверськодонецький,міська
Попельнастівська територіальна громада,Олександрійський,сільська
Попівська територіальна громада,Конотопський,сільська
Попільнянська територіальна громада,Житомирський,сільська
Поромівська територіальна громада,Володимирський,сільська
Потіївська територіальна громада,Житомирський,сільська
Почаївська територіальна громада,Кременецький,міська
Преображенська територіальна громада,Пологівський,сільська
Приазовська територіальна громада,Мелітопольський,селищна
Прибужанівська територіальна громада,Вознесенський,сільська
Прибузька територіальна громада,Вознесенський,сільська
Привільненська територіальна громада,Баштанський,сільська
Привільненська територіальна громада,Дубенський,сільська
Прилуцька територіальна громада,Прилуцький,міська
Прилісненська територіальна громада,Камінь-Каширський,сільська
Приморська територіальна громада,Бердянський,міська
Присиваська територіальна громада,Каховський,сільська
Пристолична територіальна громада,Бориспільський,сільська
Пришибська територіальна громада,Кременчуцький,сільська
Приютівська територіальна громада,Олександрійський,селищна
Пулинська територіальна громада,Житомирський,селищна
Пустомитівська територіальна громада,Львівський,міська
Путивльська територіальна громада,Конотопський,міська
Путильська територіальна громада,Вижницький,селищна
Південноміська територіальна громада,Харківський,міська
Підберізцівська територіальна громада,Львівський,сільська
Підвисоцька територіальна громада,Голованівський,сільська
Підволочиська територіальна громада,Тернопільський,селищна
Підгайцівська територіальна громада,Луцький,сільська
Підгайчиківська територіальна громада,Коломийський,сільська
Підгаєцька територіальна громада,Тернопільський,міська
Підгородненська територіальна громада,Дніпровський,міська
Підгороднянська територіальна громада,Тернопільський,сільська
Підкамінська територіальна громада,Золочівський,селищна
Підлозцівська територіальна громада,Дубенський,сільська
Пірнівська територіальна громада,Вишгородський,сільська
Пісківська територіальна громада,Бучанський,селищна
Пісочинська територіальна громада,Харківський,селищна
Піщанобрідська територіальна громада,Новоукраїнський,сільська
Піщанська територіальна громада,Тульчинський,селищна
Піщанська територіальна громада,Самарівський,сільська
Піщанська територіальна громада,Подільський,сільська
Піщанська територіальна громада,Кременчуцький,сільська
Піщанська територіальна громада,Золотоніський,сільська
Піщівська територіальна громада,Звягельський,сільська
Рава-Руська територіальна громада,Львівський,міська
Радехівська територіальна громада,Шептицький,міська
Радивилівська територіальна громада,Дубенський,міська
Радомишльська територіальна громада,Житомирський,міська
Радсадівська територіальна громада,Миколаївський,сільська
Райгородська територіальна громада,Гайсинський,сільська
Райгородська територіальна громада,Бердичівський,сільська
Ралівська територіальна громада,Самбірський,сільська
Ратнівська територіальна громада,Ковельський,селищна
Раухівська територіальна громада,Березівський,селищна
Рафалівська територіальна громада,Вараський,селищна
Рахівська територіальна громада,Рахівський,міська
Раївська територіальна громада,Синельниківський,сільська
Ренійська територіальна громада,Ізмаїльський,міська
Решетилівська територіальна громада,Полтавський,міська
Ржищівська територіальна громада,Обухівський,міська
Роганська територіальна громада,Харківський,селищна
Рогатинська територіальна громада,Івано-Франківський,міська
Рожищенська територіальна громада,Луцький,міська
Рожнятівська територіальна громада,Калуський,селищна
Рожнівська територіальна громада,Косівський,сільська
Розвадівська територіальна громада,Стрийський,сільська
Роздольська територіальна громада,Василівський,сільська
Роздорська територіальна громада,Синельниківський,селищна
Роздільнянська територіальна громада,Роздільнянський,міська
Розквітівська територіальна громада,Березівський,сільська
Розсошанська територіальна громада,Хмельницький,сільська
Розівська територіальна громада,Пологівський,селищна
Рокитнянська територіальна громада,Білоцерківський,селищна
Рокитнівська територіальна громада,Сарненський,селищна
Романівська територіальна громада,Житомирський,селищна
Роменська територіальна громада,Роменський,міська
Ромоданівська територіальна громада,Миргородський,селищна
Ротмістрівська територіальна громада,Черкаський,сільська
Рубанівська територіальна громада,Каховський,сільська
Рубіжанська територіальна громада,Сіверськодонецький,міська
Рудківська територіальна громада,Самбірський,міська
Ружинська територіальна громада,Бердичівський,селищна
Рукшинська територіальна громада,Дністровський,сільська
Русько-Полянська територіальна громада,Черкаський,сільська
Рівненська територіальна громада,Ковельський,сільська
Рівненська територіальна громада,Рівненський,міська
Рівнянська територіальна громада,Новоукраїнський,сільська
Ріпкинська територіальна громада,Чернігівський,селищна
Річківська територіальна громада,Сумський,сільська
Савинська територіальна громада,Ізюмський,селищна
Савранська територіальна громада,Подільський,селищна
Сагунівська територіальна громада,Черкаський,сільська
Садівська територіальна громада,Сумський,сільська
Саксаганська територіальна громада,Кам’янський,сільська
Самарівська територіальна громада,Ковельський,сільська
Самбірська територіальна громада,Самбірський,міська
Самгородоцька територіальна громада,Хмільницький,сільська
Саранчуківська територіальна громада,Тернопільський,сільська
Саратська територіальна громада,Білгород-Дністровський,селищна
Сарненська територіальна громада,Сарненський,міська
Сартанська територіальна громада,Маріупольський,селищна
Сатанівська територіальна громада,Хмельницький,селищна
Саф'янівська територіальна громада,Ізмаїльський,сільська
Сахновецька територіальна громада,Шепетівський,сільська
Сахновщинська територіальна громада,Берестинський,селищна
Свалявська територіальна громада,Мукачівський,міська
Сватівська територіальна громада,Сватівський,міська
Свеська територіальна громада,Шосткинський,селищна
Святовасилівська територіальна громада,Дніпровський,сільська
Святогірська територіальна громада,Краматорський,міська
Світловодська територіальна громада,Олександрійський,міська
Світлодарська територіальна громада,Бахмутський,міська
Северинівська територіальна громада,Жмеринський,сільська
Седнівська територіальна громада,Чернігівський,селищна
Селидівська територіальна громада,Покровський,міська
Селищенська територіальна громада,Звенигородський,сільська
Селятинська територіальна громада,Вижницький,сільська
Семенівська територіальна громада,Бердичівський,сільська
Семенівська територіальна громада,Мелітопольський,сільська
Семенівська територіальна громада,Кременчуцький,селищна
Семенівська територіальна громада,Новгород-Сіверський,міська
Семидубська територіальна громада,Дубенський,сільська
Сенчанська територіальна громада,Миргородський,сільська
Сергіївська територіальна громада,Білгород-Дністровський,селищна
Сергіївська територіальна громада,Миргородський,сільська
Середино-Будська територіальна громада,Шосткинський,міська
Середнянська територіальна громада,Ужгородський,селищна
Сереховичівська територіальна громада,Ковельський,сільська
Синевирська територіальна громада,Хустський,сільська
Синельниківська територіальна громада,Синельниківський,міська
Синюхинобрідська територіальна громада,Первомайський,сільська
Синівська територіальна громада,Роменський,сільська
Скадовська територіальна громада,Скадовський,міська
Скала-Подільська територіальна громада,Чортківський,селищна
Скалатська територіальна громада,Тернопільський,міська
Сквирська територіальна громада,Білоцерківський,міська
Сколівська територіальна громада,Стрийський,міська
Скориківська територіальна громада,Тернопільський,сільська
Скороходівська територіальна громада,Полтавський,селищна
Славгородська територіальна громада,Синельниківський,селищна
Славська територіальна громада,Стрийський,селищна
Славутицька територіальна громада,Вишгородський,міська
Славутська територіальна громада,Шепетівський,міська
Слобожанська територіальна громада,Дніпровський,селищна
Слобожанська територіальна громада,Чугуївський,міська
Слобідська територіальна громада,Подільський,селищна
Слобідсько-Кульчієвецька територіальна громада,Кам’янець-Подільський,сільська
Слов'янська територіальна громада,Синельниківський,сільська
Слов'янська територіальна громада,Краматорський,міська
Словечанська територіальна громада,Коростенський,сільська
Смизька територіальна громада,Дубенський,селищна
Смирновська територіальна громада,Пологівський,сільська
Смолінська територіальна громада,Новоукраїнський,селищна
Смотрицька територіальна громада,Кам’янець-Подільський,селищна
Смідинська територіальна громада,Ковельський,сільська
Смілянська територіальна громада,Черкаський,міська
Сновська територіальна громада,Корюківський,міська
Снятинська територіальна громада,Коломийський,міська
Снігурівська територіальна громада,Баштанський,міська
Соболівська територіальна громада,Гайсинський,сільська
Сокальська територіальна громада,Шептицький,міська
Сокирянська територіальна громада,Дністровський,міська
Соколівська територіальна громада,Кропивницький,сільська
Сокільницька територіальна громада,Львівський,сільська
Соледарська територіальна громада,Бахмутський,міська
Солобковецька територіальна громада,Хмельницький,сільська
Солоницівська територіальна громада,Харківський,селищна
Солонківська територіальна громада,Львівський,сільська
Солонянська територіальна громада,Дніпровський,селищна
Солотвинська територіальна громада,Тячівський,селищна
Солотвинська територіальна громада,Івано-Франківський,селищна
Сосницька територіальна громада,Корюківський,селищна
Соснівська територіальна громада,Рівненський,селищна
Софіївська територіальна громада,Криворізький,селищна
Софіївська територіальна громада,Бердянський,сільська
Софіївська територіальна громада,Баштанський,сільська
Сошичненська територіальна громада,Камінь-Каширський,сільська
Спаська територіальна громада,Калуський,сільська
Срібнянська територіальна громада,Прилуцький,селищна
Ставищенська територіальна громада,Білоцерківський,селищна
Ставненська територіальна громада,Ужгородський,сільська
Ставчанська територіальна громада,Чернівецький,сільська
Станично-Луганська територіальна громада,Щастинський,селищна
Станишівська територіальна громада,Житомирський,сільська
Станіславська територіальна громада,Херсонський,сільська
Станіславчицька територіальна громада,Жмеринський,сільська
Старобогородчанська територіальна громада,Івано-Франківський,сільська
Старобільська територіальна громада,Старобільський,міська
Старовижівська територіальна громада,Ковельський,селищна
Старовірівська територіальна громада,Берестинський,сільська
Старокозацька територіальна громада,Білгород-Дністровський,сільська
Старокостянтинівська територіальна громада,Хмельницький,міська
Старомаяківська територіальна громада,Березівський,сільська
Старомлинівська територіальна громада,Волноваський,сільська
Староостропільська територіальна громада,Хмельницький,сільська
Старосалтівська територіальна громада,Чугуївський,селищна
Старосамбірська територіальна громада,Самбірський,міська
Старосинявська територіальна громада,Хмельницький,селищна
Старосілецька територіальна громада,Житомирський,сільська
Старосільська територіальна громада,Сарненський,сільська
Староушицька територіальна громада,Кам’янець-Подільський,селищна
Стеблівська територіальна громада,Звенигородський,селищна
Степанецька територіальна громада,Черкаський,сільська
Степанківська територіальна громада,Черкаський,сільська
Степанська територіальна громада,Сарненський,селищна
Степанівська територіальна громада,Роздільнянський,сільська
Степанівська територіальна громада,Сумський,селищна
Степненська територіальна громада,Запорізький,сільська
Степногірська територіальна громада,Василівський,селищна
Степівська територіальна громада,Миколаївський,сільська
Сторожинецька територіальна громада,Чернівецький,міська
Стрижавська територіальна громада,Вінницький,селищна
Стрийська територіальна громада,Стрийський,міська
Стриївська територіальна громада,Звягельський,сільська
Стрюківська територіальна громада,Березівський,сільська
Стрілківська територіальна громада,Самбірський,сільська
Студениківська територіальна громада,Бориспільський,сільська
Студенянська територіальна громада,Тульчинський,сільська
Суботцівська територіальна громада,Кропивницький,сільська
Суворовська територіальна громада,Ізмаїльський,селищна
Судилківська територіальна громада,Шепетівський,сільська
Судововишнянська територіальна громада,Яворівський,міська
Сумська територіальна громада,Сумський,міська
Сурсько-Литовська територіальна громада,Дніпровський,сільська
Сутисківська територіальна громада,Вінницький,селищна
Сухополов'янська територіальна громада,Прилуцький,сільська
Сухоєланецька територіальна громада,Миколаївський,сільська
Сучевенська територіальна громада,Чернівецький,сільська
Східницька територіальна громада,Дрогобицький,селищна
Сюртівська територіальна громада,Ужгородський,сільська
Сєвєродонецька територіальна громада,Сіверськодонецький,міська
Сіверська територіальна громада,Бахмутський,міська
Тавричанська територіальна громада,Каховський,сільська
Таврійська територіальна громада,Запорізький,сільська
Таврійська територіальна громада,Каховський,міська
Талалаївська територіальна громада,Прилуцький,селищна
Талалаївська територіальна громада,Ніжинський,сільська
Тальнівська територіальна громада,Звенигородський,міська
Тараканівська територіальна громада,Дубенський,сільська
Тарашанська територіальна громада,Чернівецький,сільська
Таращанська територіальна громада,Білоцерківський,міська
Тарутинська територіальна громада,Болградський,селищна
Татарбунарська територіальна громада,Білгород-Дністровський,міська
Ташанська територіальна громада,Бориспільський,сільська
Таїровська територіальна громада,Одеський,селищна
Теофіпольська територіальна громада,Хмельницький,селищна
Теплицька територіальна громада,Гайсинський,селищна
Теплицька територіальна громада,Болградський,сільська
Теплодарська територіальна громада,Одеський,міська
Тереблеченська територіальна громада,Чернівецький,сільська
Теребовлянська територіальна громада,Тернопільський,міська
Тересвянська територіальна громада,Тячівський,селищна
Терешківська територіальна громада,Полтавський,сільська
Тернопільська територіальна громада,Тернопільський,міська
Тернуватська територіальна громада,Запорізький,селищна
Тернівська територіальна громада,Павлоградський,міська
Тернівська територіальна громада,Черкаський,сільська
Терпіннівська територіальна громада,Мелітопольський,сільська
Тетерівська територіальна громада,Житомирський,сільська
Тетіївська територіальна громада,Білоцерківський,міська
Тиврівська територіальна громада,Вінницький,селищна
Тисменицька територіальна громада,Івано-Франківський,міська
Тишківська територіальна громада,Новоукраїнський,сільська
Тлумацька територіальна громада,Івано-Франківський,міська
Товстенська територіальна громада,Чортківський,селищна
Токмацька територіальна громада,Пологівський,міська
Томаківська територіальна громада,Нікопольський,селищна
Томашпільська територіальна громада,Тульчинський,селищна
Томашівська територіальна громада,Фастівський,сільська
Топорівська територіальна громада,Чернівецький,сільська
Торецька територіальна громада,Бахмутський,міська
Торчинська територіальна громада,Луцький,селищна
Трибухівська територіальна громада,Чортківський,сільська
Тростянецька територіальна громада,Гайсинський,селищна
Тростянецька територіальна громада,Стрийський,сільська
Тростянецька територіальна громада,Охтирський,міська
Троїцька територіальна громада,Павлоградський,сільська
Троїцька територіальна громада,Сватівський,селищна
Трускавецька територіальна громада,Дрогобицький,міська
Тузлівська територіальна громада,Білгород-Дністровський,сільська
Тульчинська територіальна громада,Тульчинський,міська
Тупичівська територіальна громада,Чернігівський,сільська
Тур'є-Реметівська територіальна громада,Ужгородський,сільська
Турбівська територіальна громада,Вінницький,селищна
Турківська територіальна громада,Самбірський,міська
Турійська територіальна громада,Ковельський,селищна
Тягинська територіальна громада,Бериславський,сільська
Тячівська територіальна громада,Тячівський,міська
Углянська територіальна громада,Тячівський,сільська
Угринівська територіальна громада,Івано-Франківський,сільська
Удачненська територіальна громада,Покровський,селищна
Ужгородська територіальна громада,Ужгородський,міська
Узинська територіальна громада,Білоцерківський,міська
Українська територіальна громада,Синельниківський,сільська
Українська територіальна громада,Обухівський,міська
Уланівська територіальна громада,Хмільницький,сільська
Улашанівська територіальна громада,Шепетівський,сільська
Уманська територіальна громада,Уманський,міська
Усатівська територіальна громада,Одеський,сільська
Успенівська територіальна громада,Білгород-Дністровський,сільська
Устилузька територіальна громада,Володимирський,міська
Устинівська територіальна громада,Кропивницький,селищна
Усть-Путильська територіальна громада,Вижницький,сільська
Усть-Чорнянська територіальна громада,Тячівський,селищна
Ушомирська територіальна громада,Коростенський,сільська
Фастівська територіальна громада,Фастівський,міська
Федорівська територіальна громада,Пологівський,сільська
Феодосіївська територіальна громада,Обухівський,сільська
Фонтанська територіальна громада,Одеський,сільська
Фурсівська територіальна громада,Білоцерківський,сільська
Харитонівська територіальна громада,Житомирський,сільська
Харківська територіальна громада,Харківський,міська
Херсонська територіальна громада,Херсонський,міська
Хирівська територіальна громада,Самбірський,міська
Хлібодарівська територіальна громада,Волноваський,сільська
Хмельницька територіальна громада,Хмельницький,міська
Хмелівська територіальна громада,Роменський,сільська
Хмільницька територіальна громада,Хмільницький,міська
Ходорівська територіальна громада,Стрийський,міська
Холминська територіальна громада,Корюківський,селищна
Холмківська територіальна громада,Ужгородський,сільська
Хорольська територіальна громада,Лубенський,міська
Хоростківська територіальна громада,Чортківський,міська
Хорошівська територіальна громада,Житомирський,селищна
Хотинська територіальна громада,Дністровський,міська
Хотінська територіальна громада,Сумський,селищна
Хрестівська територіальна громада,Каховський,сільська
Христинівська територіальна громада,Уманський,міська
Хустська територіальна громада,Хустський,міська
Царичанська територіальна громада,Дніпровський,селищна
Цебриківська територіальна громада,Роздільнянський,селищна
Циблівська територіальна громада,Бориспільський,сільська
Циркунівська територіальна громада,Харківський,сільська
Цуманська територіальна громада,Луцький,селищна
Чабанівська територіальна громада,Фастівський,селищна
Чагорська територіальна громада,Чернівецький,сільська
Чаплинська територіальна громада,Каховський,селищна
Часовоярська територіальна громада,Бахмутський,міська
Чемеровецька територіальна громада,Кам’янець-Подільський,селищна
Червоненська територіальна громада,Бердичівський,селищна
Червоноградська територіальна громада,Шептицький,міська
Червоногригорівська територіальна громада,Нікопольський,селищна
Червонослобідська територіальна громада,Черкаський,сільська
Черкаська територіальна громада,Самарівський,селищна
Черкаська територіальна громада,Краматорський,селищна
Черкаська територіальна громада,Черкаський,міська
Чернелицька територіальна громада,Коломийський,селищна
Чернеччинська територіальна громада,Самарівський,сільська
Чернеччинська територіальна громада,Охтирський,сільська
Черняхівська територіальна громада,Житомирський,селищна
Чернівецька територіальна громада,Могилів-Подільський,селищна
Чернівецька територіальна громада,Чернівецький,міська
Чернігівська територіальна громада,Бердянський,селищна
Чернігівська територіальна громада,Чернігівський,міська
Чечельницька територіальна громада,Гайсинський,селищна
Чигиринська територіальна громада,Черкаський,міська
Чижівська територіальна громада,Звягельський,сільська
Чинадіївська територіальна громада,Мукачівський,селищна
Чкаловська територіальна громада,Мелітопольський,сільська
Чкаловська територіальна громада,Чугуївський,селищна
Чмирівська територіальна громада,Старобільський,сільська
Чогодарівська територіальна громада,Березівський,сільська
Чоповицька територіальна громада,Коростенський,селищна
Чопська територіальна громада,Ужгородський,міська
Чорнобаївська територіальна громада,Херсонський,сільська
Чорнобаївська територіальна громада,Золотоніський,селищна
Чорноморська територіальна громада,Миколаївський,сільська
Чорноморська територіальна громада,Одеський,міська
Чорноморська територіальна громада,Одеський,селищна
Чорноострівська територіальна громада,Хмельницький,селищна
Чорнухинська територіальна громада,Лубенський,селищна
Чортківська територіальна громада,Чортківський,міська
Чугуївська територіальна громада,Чугуївський,міська
Чудейська територіальна громада,Чернівецький,сільська
Чуднівська територіальна громада,Житомирський,міська
Чулаківська територіальна громада,Скадовський,сільська
Чумаківська територіальна громада,Дніпровський,сільська
Чупахівська територіальна громада,Охтирський,селищна
Чутівська територіальна громада,Полтавський,селищна
Шабівська територіальна громада,Білгород-Дністровський,сільська
Шалигинська територіальна громада,Шосткинський,селищна
Шаргородська територіальна громада,Жмеринський,міська
Шахівська територіальна громада,Покровський,сільська
Шацька територіальна громада,Ковельський,селищна
Швайківська територіальна громада,Бердичівський,сільська
Шевченківська територіальна громада,Миколаївський,сільська
Шевченківська територіальна громада,Куп’янський,селищна
Шевченківська територіальна громада,Звенигородський,сільська
Шегинівська територіальна громада,Яворівський,сільська
Шепетівська територіальна громада,Шепетівський,міська
Широківська територіальна громада,Криворізький,селищна
Широківська територіальна громада,Запорізький,сільська
Широківська територіальна громада,Щастинський,сільська
Широківська територіальна громада,Баштанський,сільська
Ширяївська територіальна громада,Березівський,селищна
Шишацька територіальна громада,Миргородський,селищна
Шосткинська територіальна громада,Шосткинський,міська
Шпанівська територіальна громада,Рівненський,сільська
Шпиківська територіальна громада,Тульчинський,селищна
Шполянська територіальна громада,Звенигородський,міська
Шрамківська територіальна громада,Золотоніський,сільська
Шульгинська територіальна громада,Старобільський,сільська
Шумська територіальна громада,Кременецький,міська
Щастинська територіальна громада,Щастинський,міська
Щербанівська територіальна громада,Полтавський,сільська
Щиборівська територіальна громада,Хмельницький,сільська
Щирецька територіальна громада,Львівський,селищна
Ювілейна територіальна громада,Херсонський,сільська
Южненська територіальна громада,Одеський,міська
Южноукраїнська територіальна громада,Вознесенський,міська
Юнаківська територіальна громада,Сумський,сільська
Юрковецька територіальна громада,Чернівецький,сільська
Юр’ївська територіальна громада,Павлоградський,селищна
Яблунівська територіальна громада,Косівський,селищна
Яблунівська територіальна громада,Прилуцький,сільська
Яворівська територіальна громада,Яворівський,міська
Яготинська територіальна громада,Бориспільський,міська
Якимівська територіальна громада,Мелітопольський,селищна
Якушинецька територіальна громада,Вінницький,сільська
Ямницька територіальна громада,Івано-Франківський,сільська
Ямпільська територіальна громада,Могилів-Подільський,міська
Ямпільська територіальна громада,Шосткинський,селищна
Ямпільська територіальна громада,Шепетівський,селищна
Яремчанська територіальна громада,Надвірнянський,міська
Яришівська територіальна громада,Могилів-Подільський,сільська
Ярмолинецька територіальна громада,Хмельницький,селищна
Ярославицька територіальна громада,Дубенський,сільська
Ярунська територіальна громада,Звягельський,сільська
Яськівська територіальна громада,Одеський,сільська
Ясінянська територіальна громада,Рахівський,селищна
